title,release_year,genre,country,budget,box_office
Avatar,2009,"Action, Adventure, Sci-Fi",USA,237000000,2847246203.0
Avengers: Endgame,2019,"Action, Adventure, Sci-Fi",USA,356000000,2798000000.0
Avatar: The Way of Water,2022,"Action, Adventure, Sci-Fi",USA,460000000,2320000000.0
Titanic,1997,"Drama, Romance",USA,200000000,2194439542.0
Star Wars: The Force Awakens,2015,"Action, Adventure, Fantasy",USA,245000000,2068000000.0
Avengers: Infinity War,2018,"Action, Adventure, Sci-Fi",USA,325000000,2048000000.0
Spider-Man: No Way Home,2021,"Action, Adventure, Superhero",USA,200000000,1910000000.0
Jurassic World,2015,"Action, Adventure, Sci-Fi",USA,150000000,1671000000.0
The Lion King,2019,"Animation, Adventure, Drama",USA,260000000,1662000000.0
Top Gun: Maverick,2022,"Action, Drama",USA,170000000,1490000000.0
